{
    "root_group": {
        "id": "d41d8cd98f00b204e9800998ecf8427e",
        "groups": {},
        "checks": {
                "status is 200": {
                    "name": "status is 200",
                    "path": "::status is 200",
                    "id": "6210a8cd14cd70477eba5c5e4cb3fb5f",
                    "passes": 8626,
                    "fails": 687
                },
                "response time < 5s": {
                    "path": "::response time < 5s",
                    "id": "a3d09e379831fbbef42cf19ba2dad1ea",
                    "passes": 6782,
                    "fails": 2531,
                    "name": "response time < 5s"
                }
            },
        "name": "",
        "path": ""
    },
    "metrics": {
        "http_req_receiving": {
            "med": 227.378287,
            "max": 5576.398948,
            "p(90)": 278.8288658,
            "p(95)": 300.2514812,
            "avg": 151.3211325076773,
            "min": -1812.798729
        },
        "iterations": {
            "count": 9313,
            "rate": 9.49763093002888
        },
        "http_req_duration{expected_response:true}": {
            "max": 16477.491783,
            "p(90)": 7569.197421,
            "p(95)": 8955.6600005,
            "avg": 2588.5712627597914,
            "min": -1118.569719,
            "med": 859.7491534999999
        },
        "http_req_blocked": {
            "med": 0.006537,
            "max": 16061.062722,
            "p(90)": 0.019191400000000094,
            "p(95)": 253.10437599999992,
            "avg": 35.847740851390505,
            "min": 0
        },
        "http_req_duration": {
            "med": 912.428421,
            "max": 58695.019228,
            "p(90)": 9029.261391400001,
            "p(95)": 10783.3269208,
            "avg": 3162.6025721657975,
            "min": -1118.569719,
            "thresholds": {
                "p(95)<5000": true
            }
        },
        "vus": {
            "value": 12,
            "min": 1,
            "max": 60
        },
        "data_sent": {
            "count": 3819482,
            "rate": 3895.2035197990513
        },
        "http_reqs": {
            "count": 9313,
            "rate": 9.49763093002888
        },
        "vus_max": {
            "min": 60,
            "max": 60,
            "value": 60
        },
        "http_req_failed": {
            "passes": 687,
            "fails": 8626,
            "thresholds": {
                "rate<0.1": false
            },
            "value": 0.07376785139052937
        },
        "http_req_tls_handshaking": {
            "med": 0,
            "max": 0,
            "p(90)": 0,
            "p(95)": 0,
            "avg": 0,
            "min": 0
        },
        "http_req_waiting": {
            "avg": 3009.0296900578614,
            "min": 0,
            "med": 905.795861,
            "max": 58694.870361,
            "p(90)": 8880.025759000004,
            "p(95)": 10706.240524
        },
        "checks": {
            "passes": 15408,
            "fails": 3218,
            "value": 0.8272307527112638
        },
        "data_received": {
            "count": 124760582,
            "rate": 127233.96998299197
        },
        "http_req_connecting": {
            "p(95)": 252.22737899999998,
            "avg": 33.690518121765244,
            "min": -1713.922271,
            "med": 0,
            "max": 16060.940606,
            "p(90)": 0
        },
        "iteration_duration": {
            "max": 61003.756382,
            "p(90)": 11266.438470200002,
            "p(95)": 11961.1112124,
            "avg": 4575.108817734135,
            "min": 1217.45099,
            "med": 1939.950917
        },
        "http_req_sending": {
            "p(95)": 0.13410959999999997,
            "avg": 2.2517496002362223,
            "min": 0,
            "med": 0.042704,
            "max": 4147.06363,
            "p(90)": 0.10198000000000002
        }
    }
}