{
    "metrics": {
        "http_req_connecting": {
            "avg": 8.53679785499591,
            "min": 0,
            "med": 0,
            "max": 15614.651054,
            "p(90)": 0,
            "p(95)": 0
        },
        "http_req_failed": {
            "passes": 4892,
            "fails": 21990,
            "value": 0.181980507402723
        },
        "data_sent": {
            "count": 10019355,
            "rate": 54050.32249530748
        },
        "http_req_tls_handshaking": {
            "avg": 0,
            "min": 0,
            "med": 0,
            "max": 0,
            "p(90)": 0,
            "p(95)": 0
        },
        "data_received": {
            "count": 10713838,
            "rate": 57796.77424968774
        },
        "iterations": {
            "count": 26882,
            "rate": 145.01739576238748
        },
        "vus": {
            "value": 1,
            "min": 1,
            "max": 1000
        },
        "iteration_duration": {
            "med": 2401.0915130000003,
            "max": 60001.933038,
            "p(90)": 30000.4579565,
            "p(95)": 30001.8129848,
            "avg": 6710.750439192135,
            "min": 234.760766
        },
        "checks": {
            "passes": 21990,
            "fails": 4892,
            "value": 0.818019492597277
        },
        "http_req_duration{expected_response:true}": {
            "min": 234.36891,
            "med": 2167.321795,
            "max": 10672.32608,
            "p(90)": 3532.4206145000035,
            "p(95)": 4679.628318849997,
            "avg": 2416.5647777852632
        },
        "http_req_blocked": {
            "min": 0,
            "med": 0.002688,
            "max": 15614.704055,
            "p(90)": 0.004935,
            "p(95)": 0.006259949999999997,
            "avg": 8.544003064504153
        },
        "http_req_receiving": {
            "max": 10.077108,
            "p(90)": 0.11362630000000001,
            "p(95)": 0.1443216,
            "avg": 0.0622231007365521,
            "min": 0,
            "med": 0.0511445
        },
        "http_req_waiting": {
            "med": 2059.1539080000002,
            "max": 60001.668102,
            "p(90)": 3847.9049119,
            "p(95)": 7802.9495961,
            "avg": 2399.9488921090565,
            "min": 0
        },
        "http_req_duration": {
            "med": 2059.2688775,
            "max": 60001.692908,
            "p(90)": 3848.0096085000005,
            "p(95)": 7803.0356406,
            "avg": 2400.0431304979493,
            "min": 0
        },
        "http_req_sending": {
            "avg": 0.03201528814820327,
            "min": 0,
            "med": 0.015005,
            "max": 14.160542,
            "p(90)": 0.03859760000000001,
            "p(95)": 0.051877999999999945
        },
        "http_reqs": {
            "count": 26882,
            "rate": 145.01739576238748
        },
        "vus_max": {
            "value": 1000,
            "min": 1000,
            "max": 1000
        }
    },
    "root_group": {
        "id": "d41d8cd98f00b204e9800998ecf8427e",
        "groups": {},
        "checks": {
                "status is 200": {
                    "path": "::status is 200",
                    "id": "6210a8cd14cd70477eba5c5e4cb3fb5f",
                    "passes": 21990,
                    "fails": 4892,
                    "name": "status is 200"
                }
            },
        "name": "",
        "path": ""
    }
}