{
    "root_group": {
        "path": "",
        "id": "d41d8cd98f00b204e9800998ecf8427e",
        "groups": {},
        "checks": {
                "status is 200": {
                    "fails": 1092,
                    "name": "status is 200",
                    "path": "::status is 200",
                    "id": "6210a8cd14cd70477eba5c5e4cb3fb5f",
                    "passes": 0
                }
            },
        "name": ""
    },
    "metrics": {
        "iteration_duration": {
            "min": 230.75168,
            "med": 395.6577485,
            "max": 3811.979276,
            "p(90)": 1083.320555,
            "p(95)": 1375.577688400001,
            "avg": 552.5585109230767
        },
        "http_req_failed": {
            "passes": 1092,
            "fails": 0,
            "value": 1
        },
        "http_req_blocked": {
            "med": 0.0041855,
            "max": 235.632026,
            "p(90)": 0.006648,
            "p(95)": 0.00749835,
            "avg": 1.0558500402930382,
            "min": 0.001509
        },
        "data_sent": {
            "count": 487032,
            "rate": 4019.92696198011
        },
        "iterations": {
            "rate": 9.01328915242177,
            "count": 1092
        },
        "vus": {
            "value": 2,
            "min": 2,
            "max": 5
        },
        "http_req_receiving": {
            "med": 0.110157,
            "max": 109.208893,
            "p(90)": 0.18132479999999998,
            "p(95)": 0.20972115,
            "avg": 0.23668161630036635,
            "min": 0.033568
        },
        "http_req_sending": {
            "avg": 0.03910074816849817,
            "min": 0.010091,
            "med": 0.032594,
            "max": 0.797843,
            "p(90)": 0.06093789999999999,
            "p(95)": 0.07778125000000001
        },
        "checks": {
            "passes": 0,
            "fails": 1092,
            "value": 0
        },
        "vus_max": {
            "value": 5,
            "min": 5,
            "max": 5
        },
        "http_req_waiting": {
            "med": 394.7470395,
            "max": 3811.510709,
            "p(90)": 1082.6357779999998,
            "p(95)": 1364.5168401500002,
            "avg": 550.597344891942,
            "min": 230.19868
        },
        "http_req_duration": {
            "avg": 550.8731272564099,
            "min": 230.33286,
            "med": 394.9062745,
            "max": 3811.578186,
            "p(90)": 1082.7734888,
            "p(95)": 1364.71575555
        },
        "data_received": {
            "rate": 2289.3754447151296,
            "count": 277368
        },
        "http_req_connecting": {
            "min": 0,
            "med": 0,
            "max": 235.556013,
            "p(90)": 0,
            "p(95)": 0,
            "avg": 1.0507765265567766
        },
        "http_req_tls_handshaking": {
            "avg": 0,
            "min": 0,
            "med": 0,
            "max": 0,
            "p(90)": 0,
            "p(95)": 0
        },
        "http_reqs": {
            "count": 1092,
            "rate": 9.01328915242177
        }
    }
}